<?xml version="1.0" encoding="UTF-8"?>
<project-private xmlns="http://www.netbeans.org/ns/project-private/1">
    <editor-bookmarks xmlns="http://www.netbeans.org/ns/editor-bookmarks/2" lastBookmarkId="0"/>
    <open-files xmlns="http://www.netbeans.org/ns/projectui-open-files/2">
        <group>
            <file>file:/C:/Users/engdi.DIANAJABBAN.000/Documents/NetBeansProjects/stock_management/src/com/mycompany/stock/management/CreateProductTab.java</file>
            <file>file:/C:/Users/engdi.DIANAJABBAN.000/Documents/NetBeansProjects/stock_management/src/com/mycompany/stock/management/SignUp.java</file>
            <file>file:/C:/Users/engdi.DIANAJABBAN.000/Documents/NetBeansProjects/stock_management/src/com/mycompany/stock/management/Login.java</file>
            <file>file:/C:/Users/engdi.DIANAJABBAN.000/Documents/NetBeansProjects/stock_management/src/com/mycompany/stock/management/StockManagement.java</file>
            <file>file:/C:/Users/engdi.DIANAJABBAN.000/Documents/NetBeansProjects/stock_management/src/com/mycompany/stock/management/MainWindow.java</file>
            <file>file:/C:/Users/engdi.DIANAJABBAN.000/Documents/NetBeansProjects/stock_management/src/com/mycompany/stock/management/ProductTab.java</file>
            <file>file:/C:/Users/engdi.DIANAJABBAN.000/Documents/NetBeansProjects/stock_management/src/com/mycompany/stock/management/ForgetPassword.java</file>
        </group>
    </open-files>
</project-private>
